Veli veli Veli 32 1991 veli veli.veli91@company.com
Serge Veli 31 1992 serge.veli92@company.com
D Gee 29 1994 d.gee94@company.com
Magic Twanson 25 1998 magic.twanson98@company.com
Tenth Dollar 20 2003 tenth.dollar03@company.com
Third One 29 1994 third.one94@company.com
Third One 29 1994 third.one94@company.com
Third One 29 1994 third.one94@company.com
First One 20 2003 first.one03@company.com
Second one One 32 1991 second one.one91@company.com
Third One 25 1998 third.one98@company.com
